<?xml version="1.0" encoding="UTF-8"?>
<config xmlns="http://www.knime.org/2008/09/XMLConfig" xmlns:xsi="http://www.w3.org/2001/XMLSchema-instance" xsi:schemaLocation="http://www.knime.org/2008/09/XMLConfig http://www.knime.org/XMLConfig_2008_09.xsd" key="model.xml">
    <entry key="version" type="xint" value="1"/>
    <entry key="class_name" type="xstring" value="org.knime.base.node.mine.transformation.port.TransformationPortObject"/>
    <config key="model">
        <entry key="max_dim_to_reduce_to" type="xint" value="29"/>
        <config key="eigenvalues">
            <entry key="array-size" type="xint" value="29"/>
            <entry key="0" type="xdouble" value="8.206362195176071"/>
            <entry key="1" type="xdouble" value="3.2755850678884157"/>
            <entry key="2" type="xdouble" value="2.0068004125574532"/>
            <entry key="3" type="xdouble" value="1.977821437795735"/>
            <entry key="4" type="xdouble" value="1.3878948102202575"/>
            <entry key="5" type="xdouble" value="1.177090873472841"/>
            <entry key="6" type="xdouble" value="1.1290576373745007"/>
            <entry key="7" type="xdouble" value="1.0823258277470282"/>
            <entry key="8" type="xdouble" value="1.012295651903253"/>
            <entry key="9" type="xdouble" value="0.977788252666259"/>
            <entry key="10" type="xdouble" value="0.9165386453914299"/>
            <entry key="11" type="xdouble" value="0.8659083345077818"/>
            <entry key="12" type="xdouble" value="0.825699354201338"/>
            <entry key="13" type="xdouble" value="0.7251229987028847"/>
            <entry key="14" type="xdouble" value="0.6950249485043222"/>
            <entry key="15" type="xdouble" value="0.6398707484535066"/>
            <entry key="16" type="xdouble" value="0.5538178937471375"/>
            <entry key="17" type="xdouble" value="0.48624191572788517"/>
            <entry key="18" type="xdouble" value="0.44082225391410773"/>
            <entry key="19" type="xdouble" value="0.27566491414520716"/>
            <entry key="20" type="xdouble" value="0.13190023024138872"/>
            <entry key="21" type="xdouble" value="0.10221780288675546"/>
            <entry key="22" type="xdouble" value="0.0568872865425009"/>
            <entry key="23" type="xdouble" value="0.019533669174147273"/>
            <entry key="24" type="xdouble" value="0.01791561313641421"/>
            <entry key="25" type="xdouble" value="0.007958243965531705"/>
            <entry key="26" type="xdouble" value="0.004016118513594794"/>
            <entry key="27" type="xdouble" value="0.0018364283330389339"/>
            <entry key="28" type="xdouble" value="4.331118645552987E-7"/>
        </config>
        <config key="center">
            <entry key="array-size" type="xint" value="29"/>
            <entry key="0" type="xdouble" value="-5.719708137430805E-15"/>
            <entry key="1" type="xdouble" value="1.0008271524763112E-14"/>
            <entry key="2" type="xdouble" value="-1.3617205956646433E-14"/>
            <entry key="3" type="xdouble" value="4.7856616130874385E-15"/>
            <entry key="4" type="xdouble" value="-9.459332235658058E-15"/>
            <entry key="5" type="xdouble" value="1.7938090850696544E-14"/>
            <entry key="6" type="xdouble" value="-1.7660977457496958E-14"/>
            <entry key="7" type="xdouble" value="1.1264257484665946E-14"/>
            <entry key="8" type="xdouble" value="5.648317236020897E-15"/>
            <entry key="9" type="xdouble" value="2.601187359041121E-15"/>
            <entry key="10" type="xdouble" value="-5.7607642479006946E-15"/>
            <entry key="11" type="xdouble" value="-2.6708270198325806E-15"/>
            <entry key="12" type="xdouble" value="-1.44975397924638E-14"/>
            <entry key="13" type="xdouble" value="1.0884263257934616E-15"/>
            <entry key="14" type="xdouble" value="-4.81444379263514E-15"/>
            <entry key="15" type="xdouble" value="-3.0258795143990602E-15"/>
            <entry key="16" type="xdouble" value="1.2075301696057306E-17"/>
            <entry key="17" type="xdouble" value="-4.523910750573086E-15"/>
            <entry key="18" type="xdouble" value="4.3648793618140252E-16"/>
            <entry key="19" type="xdouble" value="-8.361502679479771E-15"/>
            <entry key="20" type="xdouble" value="-2.1455461020981675E-16"/>
            <entry key="21" type="xdouble" value="-1.6772316440775135E-16"/>
            <entry key="22" type="xdouble" value="9.379551578784714E-16"/>
            <entry key="23" type="xdouble" value="8.820155562066687E-15"/>
            <entry key="24" type="xdouble" value="2.4587808976960575E-15"/>
            <entry key="25" type="xdouble" value="1.0176557066108281E-14"/>
            <entry key="26" type="xdouble" value="1.1333914933149298E-15"/>
            <entry key="27" type="xdouble" value="1.7488519855370088E-15"/>
            <entry key="28" type="xdouble" value="-4.156973007328089E-17"/>
        </config>
        <entry key="number_rows" type="xint" value="29"/>
        <config key="eigenvector">
            <config key="row_0">
                <entry key="array-size" type="xint" value="29"/>
                <entry key="0" type="xdouble" value="0.3285740538485067"/>
                <entry key="1" type="xdouble" value="0.3308115196573731"/>
                <entry key="2" type="xdouble" value="0.326176283251395"/>
                <entry key="3" type="xdouble" value="0.1368798222767562"/>
                <entry key="4" type="xdouble" value="0.1412732546082012"/>
                <entry key="5" type="xdouble" value="0.31570903415738405"/>
                <entry key="6" type="xdouble" value="0.12207993067035214"/>
                <entry key="7" type="xdouble" value="0.12487551832960889"/>
                <entry key="8" type="xdouble" value="0.07334669650512664"/>
                <entry key="9" type="xdouble" value="-0.08057898251751484"/>
                <entry key="10" type="xdouble" value="0.12245006317797576"/>
                <entry key="11" type="xdouble" value="-0.06958773890283376"/>
                <entry key="12" type="xdouble" value="0.05735294960782205"/>
                <entry key="13" type="xdouble" value="0.01638091458210923"/>
                <entry key="14" type="xdouble" value="1.1414748860827894E-4"/>
                <entry key="15" type="xdouble" value="0.10136188773633419"/>
                <entry key="16" type="xdouble" value="-0.01065290344553231"/>
                <entry key="17" type="xdouble" value="0.11230036525722273"/>
                <entry key="18" type="xdouble" value="0.06979126364511343"/>
                <entry key="19" type="xdouble" value="0.11743798114724488"/>
                <entry key="20" type="xdouble" value="0.010051569073675857"/>
                <entry key="21" type="xdouble" value="0.01005102279232162"/>
                <entry key="22" type="xdouble" value="0.3256374184989663"/>
                <entry key="23" type="xdouble" value="0.32208499324299017"/>
                <entry key="24" type="xdouble" value="0.3054019946389089"/>
                <entry key="25" type="xdouble" value="0.27596423050679864"/>
                <entry key="26" type="xdouble" value="0.005717066028745995"/>
                <entry key="27" type="xdouble" value="0.22566563814189688"/>
                <entry key="28" type="xdouble" value="0.00739852140974828"/>
            </config>
            <config key="row_1">
                <entry key="array-size" type="xint" value="29"/>
                <entry key="0" type="xdouble" value="-0.06435229523157893"/>
                <entry key="1" type="xdouble" value="-0.06615628695968967"/>
                <entry key="2" type="xdouble" value="-0.0739652955736528"/>
                <entry key="3" type="xdouble" value="0.2114833146891888"/>
                <entry key="4" type="xdouble" value="0.47171851507052126"/>
                <entry key="5" type="xdouble" value="-0.08014921954842738"/>
                <entry key="6" type="xdouble" value="0.4928826644797519"/>
                <entry key="7" type="xdouble" value="0.495950006255938"/>
                <entry key="8" type="xdouble" value="-0.0469844564282462"/>
                <entry key="9" type="xdouble" value="0.11476366706250021"/>
                <entry key="10" type="xdouble" value="-0.0880750042200103"/>
                <entry key="11" type="xdouble" value="0.05249303586953691"/>
                <entry key="12" type="xdouble" value="0.07856556417402101"/>
                <entry key="13" type="xdouble" value="0.07175282452141263"/>
                <entry key="14" type="xdouble" value="0.13339234223646268"/>
                <entry key="15" type="xdouble" value="-0.07693261099140733"/>
                <entry key="16" type="xdouble" value="0.072432474824286"/>
                <entry key="17" type="xdouble" value="-0.035268685625618135"/>
                <entry key="18" type="xdouble" value="0.25288728591917425"/>
                <entry key="19" type="xdouble" value="-0.1201345447720391"/>
                <entry key="20" type="xdouble" value="0.03980492021759381"/>
                <entry key="21" type="xdouble" value="0.03980708722778557"/>
                <entry key="22" type="xdouble" value="-0.09724729164206176"/>
                <entry key="23" type="xdouble" value="-0.10298683191702332"/>
                <entry key="24" type="xdouble" value="-0.1608423338937865"/>
                <entry key="25" type="xdouble" value="0.12890756976153847"/>
                <entry key="26" type="xdouble" value="0.07312359051504685"/>
                <entry key="27" type="xdouble" value="-0.07880392934286617"/>
                <entry key="28" type="xdouble" value="0.019194670786632596"/>
            </config>
            <config key="row_2">
                <entry key="array-size" type="xint" value="29"/>
                <entry key="0" type="xdouble" value="-0.01845279980217172"/>
                <entry key="1" type="xdouble" value="-0.018818893496264942"/>
                <entry key="2" type="xdouble" value="-0.017679315181031104"/>
                <entry key="3" type="xdouble" value="-0.005692291542893052"/>
                <entry key="4" type="xdouble" value="-0.010526619531670368"/>
                <entry key="5" type="xdouble" value="-0.018162125125821427"/>
                <entry key="6" type="xdouble" value="-0.025732297537794283"/>
                <entry key="7" type="xdouble" value="-0.025284815808702572"/>
                <entry key="8" type="xdouble" value="0.08756982477651887"/>
                <entry key="9" type="xdouble" value="-0.11184623349450135"/>
                <entry key="10" type="xdouble" value="0.0527393302573368"/>
                <entry key="11" type="xdouble" value="-0.0510163164825266"/>
                <entry key="12" type="xdouble" value="0.1481959771176022"/>
                <entry key="13" type="xdouble" value="0.0650367659229696"/>
                <entry key="14" type="xdouble" value="0.03999455786724749"/>
                <entry key="15" type="xdouble" value="0.2277649374016701"/>
                <entry key="16" type="xdouble" value="0.011417821821666075"/>
                <entry key="17" type="xdouble" value="0.10539248435618287"/>
                <entry key="18" type="xdouble" value="0.00799690219498691"/>
                <entry key="19" type="xdouble" value="0.22793664263459296"/>
                <entry key="20" type="xdouble" value="0.6378461782556568"/>
                <entry key="21" type="xdouble" value="0.6378461574631482"/>
                <entry key="22" type="xdouble" value="-0.062010244507079655"/>
                <entry key="23" type="xdouble" value="-0.05950832659389903"/>
                <entry key="24" type="xdouble" value="-0.06731678530206431"/>
                <entry key="25" type="xdouble" value="-0.026774767014482226"/>
                <entry key="26" type="xdouble" value="0.004668963686058566"/>
                <entry key="27" type="xdouble" value="-0.04627078758248709"/>
                <entry key="28" type="xdouble" value="0.015414739784896813"/>
            </config>
            <config key="row_3">
                <entry key="array-size" type="xint" value="29"/>
                <entry key="0" type="xdouble" value="0.06849554922722936"/>
                <entry key="1" type="xdouble" value="0.07089540680666138"/>
                <entry key="2" type="xdouble" value="0.07394259604763631"/>
                <entry key="3" type="xdouble" value="0.00868495324781983"/>
                <entry key="4" type="xdouble" value="-0.05093469846341096"/>
                <entry key="5" type="xdouble" value="0.06189786480216009"/>
                <entry key="6" type="xdouble" value="-0.04324164870200222"/>
                <entry key="7" type="xdouble" value="-0.042130575442317963"/>
                <entry key="8" type="xdouble" value="-0.1672266584404829"/>
                <entry key="9" type="xdouble" value="0.24929567494331117"/>
                <entry key="10" type="xdouble" value="-0.12162083063621515"/>
                <entry key="11" type="xdouble" value="0.08649840487394016"/>
                <entry key="12" type="xdouble" value="-0.3031542880844813"/>
                <entry key="13" type="xdouble" value="-0.08375722699304605"/>
                <entry key="14" type="xdouble" value="-0.1536928328466702"/>
                <entry key="15" type="xdouble" value="-0.4762641332970166"/>
                <entry key="16" type="xdouble" value="-0.050908286960161905"/>
                <entry key="17" type="xdouble" value="-0.24255625584010948"/>
                <entry key="18" type="xdouble" value="-0.05571074555269046"/>
                <entry key="19" type="xdouble" value="-0.47780207278948905"/>
                <entry key="20" type="xdouble" value="0.29755389718829595"/>
                <entry key="21" type="xdouble" value="0.29755313948395246"/>
                <entry key="22" type="xdouble" value="0.10415266856548969"/>
                <entry key="23" type="xdouble" value="0.10397779689242038"/>
                <entry key="24" type="xdouble" value="0.10216505018115668"/>
                <entry key="25" type="xdouble" value="0.08858731053540538"/>
                <entry key="26" type="xdouble" value="0.0324819885179688"/>
                <entry key="27" type="xdouble" value="0.022196983221251316"/>
                <entry key="28" type="xdouble" value="-0.03902572624121436"/>
            </config>
            <config key="row_4">
                <entry key="array-size" type="xint" value="29"/>
                <entry key="0" type="xdouble" value="0.011676548178596176"/>
                <entry key="1" type="xdouble" value="0.004191103084116355"/>
                <entry key="2" type="xdouble" value="-0.02264666992388904"/>
                <entry key="3" type="xdouble" value="0.10190353971937235"/>
                <entry key="4" type="xdouble" value="0.01432242921128226"/>
                <entry key="5" type="xdouble" value="-0.021162267059885234"/>
                <entry key="6" type="xdouble" value="0.0728586866569393"/>
                <entry key="7" type="xdouble" value="0.07157919804250468"/>
                <entry key="8" type="xdouble" value="0.05867560909865722"/>
                <entry key="9" type="xdouble" value="-0.24371741439085445"/>
                <entry key="10" type="xdouble" value="0.31473415089871554"/>
                <entry key="11" type="xdouble" value="0.4332948766738693"/>
                <entry key="12" type="xdouble" value="-0.4832740878112893"/>
                <entry key="13" type="xdouble" value="0.20471651413736208"/>
                <entry key="14" type="xdouble" value="0.35714164331570797"/>
                <entry key="15" type="xdouble" value="0.004005093749388346"/>
                <entry key="16" type="xdouble" value="0.024922488829050828"/>
                <entry key="17" type="xdouble" value="-0.08598998204252496"/>
                <entry key="18" type="xdouble" value="-0.4278965012747856"/>
                <entry key="19" type="xdouble" value="0.08754730219949927"/>
                <entry key="20" type="xdouble" value="0.0065855748455897305"/>
                <entry key="21" type="xdouble" value="0.006584366202515569"/>
                <entry key="22" type="xdouble" value="5.800833888271459E-4"/>
                <entry key="23" type="xdouble" value="-0.02029772909780008"/>
                <entry key="24" type="xdouble" value="-0.013669350428339621"/>
                <entry key="25" type="xdouble" value="0.041391763419799076"/>
                <entry key="26" type="xdouble" value="0.1346553492773352"/>
                <entry key="27" type="xdouble" value="-0.02747286282503756"/>
                <entry key="28" type="xdouble" value="0.07162858546788844"/>
            </config>
            <config key="row_5">
                <entry key="array-size" type="xint" value="29"/>
                <entry key="0" type="xdouble" value="0.015092888592773636"/>
                <entry key="1" type="xdouble" value="0.013067750431023392"/>
                <entry key="2" type="xdouble" value="-0.018701181052147225"/>
                <entry key="3" type="xdouble" value="-0.24281235064306822"/>
                <entry key="4" type="xdouble" value="-0.048231519147587505"/>
                <entry key="5" type="xdouble" value="0.08064592526656333"/>
                <entry key="6" type="xdouble" value="0.005906128440040421"/>
                <entry key="7" type="xdouble" value="0.0070392363869850715"/>
                <entry key="8" type="xdouble" value="0.010090481760200665"/>
                <entry key="9" type="xdouble" value="-0.05711413281982591"/>
                <entry key="10" type="xdouble" value="0.42431780217340875"/>
                <entry key="11" type="xdouble" value="0.13112618129831746"/>
                <entry key="12" type="xdouble" value="-0.1116773096261213"/>
                <entry key="13" type="xdouble" value="-0.20566133108846557"/>
                <entry key="14" type="xdouble" value="-0.02254406776427359"/>
                <entry key="15" type="xdouble" value="-0.1605525698067191"/>
                <entry key="16" type="xdouble" value="-0.21559627432300957"/>
                <entry key="17" type="xdouble" value="0.54542824935586"/>
                <entry key="18" type="xdouble" value="0.36412601802757333"/>
                <entry key="19" type="xdouble" value="-0.13316330260554618"/>
                <entry key="20" type="xdouble" value="-1.3533405885201658E-4"/>
                <entry key="21" type="xdouble" value="-1.3023030626177148E-4"/>
                <entry key="22" type="xdouble" value="-0.028565413450255144"/>
                <entry key="23" type="xdouble" value="-0.05198736246621361"/>
                <entry key="24" type="xdouble" value="-0.04429955047992822"/>
                <entry key="25" type="xdouble" value="0.014385495433374704"/>
                <entry key="26" type="xdouble" value="0.2853285288862703"/>
                <entry key="27" type="xdouble" value="-0.22455221314622364"/>
                <entry key="28" type="xdouble" value="-0.1338058058850656"/>
            </config>
            <config key="row_6">
                <entry key="array-size" type="xint" value="29"/>
                <entry key="0" type="xdouble" value="0.052193149898470494"/>
                <entry key="1" type="xdouble" value="0.0544168009446814"/>
                <entry key="2" type="xdouble" value="0.02505919327762414"/>
                <entry key="3" type="xdouble" value="-0.13007538293794865"/>
                <entry key="4" type="xdouble" value="-0.041604003996182526"/>
                <entry key="5" type="xdouble" value="0.09003392663108299"/>
                <entry key="6" type="xdouble" value="0.005859418395548784"/>
                <entry key="7" type="xdouble" value="0.00783089739154586"/>
                <entry key="8" type="xdouble" value="-0.56430048603831"/>
                <entry key="9" type="xdouble" value="0.36294232908263674"/>
                <entry key="10" type="xdouble" value="-0.14985648146045663"/>
                <entry key="11" type="xdouble" value="0.12581611598802697"/>
                <entry key="12" type="xdouble" value="0.17851602565019833"/>
                <entry key="13" type="xdouble" value="-0.02510217850701207"/>
                <entry key="14" type="xdouble" value="0.26224819494368595"/>
                <entry key="15" type="xdouble" value="0.26951802458730395"/>
                <entry key="16" type="xdouble" value="-0.3728842613482018"/>
                <entry key="17" type="xdouble" value="-0.03691178732307766"/>
                <entry key="18" type="xdouble" value="-0.18025989472860995"/>
                <entry key="19" type="xdouble" value="0.12918344390367692"/>
                <entry key="20" type="xdouble" value="-0.007651126617893374"/>
                <entry key="21" type="xdouble" value="-0.007655537363823089"/>
                <entry key="22" type="xdouble" value="0.03195552249509247"/>
                <entry key="23" type="xdouble" value="0.0073739097138513935"/>
                <entry key="24" type="xdouble" value="0.020186884924328508"/>
                <entry key="25" type="xdouble" value="0.04639493336438857"/>
                <entry key="26" type="xdouble" value="0.3115679778444391"/>
                <entry key="27" type="xdouble" value="-0.10922799842147661"/>
                <entry key="28" type="xdouble" value="-0.04613322943079485"/>
            </config>
            <config key="row_7">
                <entry key="array-size" type="xint" value="29"/>
                <entry key="0" type="xdouble" value="-0.0016063324296371805"/>
                <entry key="1" type="xdouble" value="0.004713419368217532"/>
                <entry key="2" type="xdouble" value="0.004547754356780258"/>
                <entry key="3" type="xdouble" value="-0.20697710168733988"/>
                <entry key="4" type="xdouble" value="0.011497143700848596"/>
                <entry key="5" type="xdouble" value="0.06588535773172924"/>
                <entry key="6" type="xdouble" value="-0.006944432720324717"/>
                <entry key="7" type="xdouble" value="-0.007986689098468185"/>
                <entry key="8" type="xdouble" value="-0.023285423851761605"/>
                <entry key="9" type="xdouble" value="0.10248278369537109"/>
                <entry key="10" type="xdouble" value="0.07725545166171406"/>
                <entry key="11" type="xdouble" value="-0.06723542630530953"/>
                <entry key="12" type="xdouble" value="-0.014950226368473759"/>
                <entry key="13" type="xdouble" value="0.616373087699615"/>
                <entry key="14" type="xdouble" value="-0.22843336622032617"/>
                <entry key="15" type="xdouble" value="-0.05553347648545549"/>
                <entry key="16" type="xdouble" value="-0.14709264336463568"/>
                <entry key="17" type="xdouble" value="0.03798206473752087"/>
                <entry key="18" type="xdouble" value="0.10992385403948134"/>
                <entry key="19" type="xdouble" value="-0.027778879078059666"/>
                <entry key="20" type="xdouble" value="-0.015585911669528428"/>
                <entry key="21" type="xdouble" value="-0.015590676889222724"/>
                <entry key="22" type="xdouble" value="-0.003987302381632671"/>
                <entry key="23" type="xdouble" value="-0.005112827149149818"/>
                <entry key="24" type="xdouble" value="0.00891545809770231"/>
                <entry key="25" type="xdouble" value="-0.0513331765716366"/>
                <entry key="26" type="xdouble" value="0.10052829266204442"/>
                <entry key="27" type="xdouble" value="-0.015849077266078208"/>
                <entry key="28" type="xdouble" value="0.6678752717048207"/>
            </config>
            <config key="row_8">
                <entry key="array-size" type="xint" value="29"/>
                <entry key="0" type="xdouble" value="0.015949820520771065"/>
                <entry key="1" type="xdouble" value="0.02891589018518851"/>
                <entry key="2" type="xdouble" value="0.007189818865447638"/>
                <entry key="3" type="xdouble" value="-0.45080391596609076"/>
                <entry key="4" type="xdouble" value="0.013683708636985824"/>
                <entry key="5" type="xdouble" value="0.15788392177327196"/>
                <entry key="6" type="xdouble" value="0.0028445043965498293"/>
                <entry key="7" type="xdouble" value="0.0038222361446299986"/>
                <entry key="8" type="xdouble" value="-0.10985922385308461"/>
                <entry key="9" type="xdouble" value="0.11512871300902527"/>
                <entry key="10" type="xdouble" value="0.060824142211064115"/>
                <entry key="11" type="xdouble" value="-0.21648960329328137"/>
                <entry key="12" type="xdouble" value="-0.06100338973644014"/>
                <entry key="13" type="xdouble" value="-0.008394731464491888"/>
                <entry key="14" type="xdouble" value="0.29547266108832965"/>
                <entry key="15" type="xdouble" value="0.007777467840544019"/>
                <entry key="16" type="xdouble" value="0.7247112623445342"/>
                <entry key="17" type="xdouble" value="-0.07504967817589539"/>
                <entry key="18" type="xdouble" value="0.06149008360979953"/>
                <entry key="19" type="xdouble" value="-0.01947713753549341"/>
                <entry key="20" type="xdouble" value="0.008985676910680715"/>
                <entry key="21" type="xdouble" value="0.008989670991102856"/>
                <entry key="22" type="xdouble" value="0.023636246838983178"/>
                <entry key="23" type="xdouble" value="0.006753040714680931"/>
                <entry key="24" type="xdouble" value="0.05678054385493837"/>
                <entry key="25" type="xdouble" value="-0.09410483155472987"/>
                <entry key="26" type="xdouble" value="0.23545102605235194"/>
                <entry key="27" type="xdouble" value="0.003857002901083148"/>
                <entry key="28" type="xdouble" value="0.012327616312078947"/>
            </config>
            <config key="row_9">
                <entry key="array-size" type="xint" value="29"/>
                <entry key="0" type="xdouble" value="-0.04815265621386235"/>
                <entry key="1" type="xdouble" value="-0.045150288158544875"/>
                <entry key="2" type="xdouble" value="-0.05212165906704463"/>
                <entry key="3" type="xdouble" value="-0.1806158753718503"/>
                <entry key="4" type="xdouble" value="0.05823138983265933"/>
                <entry key="5" type="xdouble" value="0.00998296101147656"/>
                <entry key="6" type="xdouble" value="0.05924412069068492"/>
                <entry key="7" type="xdouble" value="0.06005857306198124"/>
                <entry key="8" type="xdouble" value="-0.34686108779679165"/>
                <entry key="9" type="xdouble" value="0.15490254500195963"/>
                <entry key="10" type="xdouble" value="0.2422246157390804"/>
                <entry key="11" type="xdouble" value="0.1092109699226183"/>
                <entry key="12" type="xdouble" value="-0.08807056723676919"/>
                <entry key="13" type="xdouble" value="0.00504397419504856"/>
                <entry key="14" type="xdouble" value="0.1646352537072631"/>
                <entry key="15" type="xdouble" value="0.03112709857143677"/>
                <entry key="16" type="xdouble" value="-0.011427799001774685"/>
                <entry key="17" type="xdouble" value="0.17303219371588693"/>
                <entry key="18" type="xdouble" value="0.06950919581402011"/>
                <entry key="19" type="xdouble" value="-0.007970938611538017"/>
                <entry key="20" type="xdouble" value="0.030376349775209078"/>
                <entry key="21" type="xdouble" value="0.030371351550317085"/>
                <entry key="22" type="xdouble" value="0.029439818504947604"/>
                <entry key="23" type="xdouble" value="0.02232154487948984"/>
                <entry key="24" type="xdouble" value="0.08286737931715446"/>
                <entry key="25" type="xdouble" value="-0.11981090718518203"/>
                <entry key="26" type="xdouble" value="-0.783711645530433"/>
                <entry key="27" type="xdouble" value="0.1558496241784163"/>
                <entry key="28" type="xdouble" value="0.03229887037197896"/>
            </config>
            <config key="row_10">
                <entry key="array-size" type="xint" value="29"/>
                <entry key="0" type="xdouble" value="-0.022700487151037094"/>
                <entry key="1" type="xdouble" value="-0.01723247637389043"/>
                <entry key="2" type="xdouble" value="-0.014602728505304183"/>
                <entry key="3" type="xdouble" value="-0.15787847499643284"/>
                <entry key="4" type="xdouble" value="0.03168961732827752"/>
                <entry key="5" type="xdouble" value="0.028445292811169667"/>
                <entry key="6" type="xdouble" value="0.02355325419581591"/>
                <entry key="7" type="xdouble" value="0.02105750037872427"/>
                <entry key="8" type="xdouble" value="0.03388939123606938"/>
                <entry key="9" type="xdouble" value="0.04412219631119724"/>
                <entry key="10" type="xdouble" value="0.060972329476354954"/>
                <entry key="11" type="xdouble" value="-0.09003278891746659"/>
                <entry key="12" type="xdouble" value="-0.05600500564426022"/>
                <entry key="13" type="xdouble" value="0.6245063716484676"/>
                <entry key="14" type="xdouble" value="-0.12035377555454045"/>
                <entry key="15" type="xdouble" value="-0.005492037778707119"/>
                <entry key="16" type="xdouble" value="-0.09793633389089881"/>
                <entry key="17" type="xdouble" value="-0.10026583287130066"/>
                <entry key="18" type="xdouble" value="0.05754653029347825"/>
                <entry key="19" type="xdouble" value="0.036027792563333494"/>
                <entry key="20" type="xdouble" value="-0.011416137910458441"/>
                <entry key="21" type="xdouble" value="-0.011421761981630344"/>
                <entry key="22" type="xdouble" value="0.00705290847700062"/>
                <entry key="23" type="xdouble" value="0.007712012738554761"/>
                <entry key="24" type="xdouble" value="0.025186181743624317"/>
                <entry key="25" type="xdouble" value="-0.049072017947301295"/>
                <entry key="26" type="xdouble" value="0.003636785556716796"/>
                <entry key="27" type="xdouble" value="0.044487169058946355"/>
                <entry key="28" type="xdouble" value="-0.7204161813605001"/>
            </config>
            <config key="row_11">
                <entry key="array-size" type="xint" value="29"/>
                <entry key="0" type="xdouble" value="0.016435401046976383"/>
                <entry key="1" type="xdouble" value="0.011334425267153924"/>
                <entry key="2" type="xdouble" value="0.022322223266049063"/>
                <entry key="3" type="xdouble" value="0.09864228073837472"/>
                <entry key="4" type="xdouble" value="0.020643752687881968"/>
                <entry key="5" type="xdouble" value="-0.014046737174610526"/>
                <entry key="6" type="xdouble" value="-0.0015029958227567963"/>
                <entry key="7" type="xdouble" value="-0.0014863000248881476"/>
                <entry key="8" type="xdouble" value="-0.15134347941623286"/>
                <entry key="9" type="xdouble" value="0.2380028890588771"/>
                <entry key="10" type="xdouble" value="0.1074855217080122"/>
                <entry key="11" type="xdouble" value="0.4948272067311308"/>
                <entry key="12" type="xdouble" value="0.05135686067577203"/>
                <entry key="13" type="xdouble" value="-0.005992503647924879"/>
                <entry key="14" type="xdouble" value="-0.6190270718951837"/>
                <entry key="15" type="xdouble" value="0.19141121149777263"/>
                <entry key="16" type="xdouble" value="0.4207956795410761"/>
                <entry key="17" type="xdouble" value="0.09038291122351384"/>
                <entry key="18" type="xdouble" value="-0.07988334631741942"/>
                <entry key="19" type="xdouble" value="0.13342416021323658"/>
                <entry key="20" type="xdouble" value="-0.010958753662452282"/>
                <entry key="21" type="xdouble" value="-0.010961187231377045"/>
                <entry key="22" type="xdouble" value="-0.009171933331973154"/>
                <entry key="23" type="xdouble" value="-0.001406495274468738"/>
                <entry key="24" type="xdouble" value="-0.03747931878486739"/>
                <entry key="25" type="xdouble" value="0.07948785496297052"/>
                <entry key="26" type="xdouble" value="0.030370294329646115"/>
                <entry key="27" type="xdouble" value="-0.09313819420902562"/>
                <entry key="28" type="xdouble" value="-0.056687582486141044"/>
            </config>
            <config key="row_12">
                <entry key="array-size" type="xint" value="29"/>
                <entry key="0" type="xdouble" value="-0.016671991820516503"/>
                <entry key="1" type="xdouble" value="-0.029037229355983688"/>
                <entry key="2" type="xdouble" value="-0.019565888817569967"/>
                <entry key="3" type="xdouble" value="0.35802212806127715"/>
                <entry key="4" type="xdouble" value="-0.010130312548401245"/>
                <entry key="5" type="xdouble" value="-0.12667594110658328"/>
                <entry key="6" type="xdouble" value="0.005072613153731999"/>
                <entry key="7" type="xdouble" value="0.0036012717733789387"/>
                <entry key="8" type="xdouble" value="-0.4386740627008437"/>
                <entry key="9" type="xdouble" value="-0.04821747574544007"/>
                <entry key="10" type="xdouble" value="0.32898454159969565"/>
                <entry key="11" type="xdouble" value="-0.6042877451751295"/>
                <entry key="12" type="xdouble" value="-0.31667177014922454"/>
                <entry key="13" type="xdouble" value="-0.035856770542088516"/>
                <entry key="14" type="xdouble" value="-0.19429192581363633"/>
                <entry key="15" type="xdouble" value="0.08460487679010018"/>
                <entry key="16" type="xdouble" value="0.040310700087916096"/>
                <entry key="17" type="xdouble" value="0.014476387027244684"/>
                <entry key="18" type="xdouble" value="-0.07426947395207269"/>
                <entry key="19" type="xdouble" value="0.07652001634948746"/>
                <entry key="20" type="xdouble" value="-0.006277798880953788"/>
                <entry key="21" type="xdouble" value="-0.006283134787796026"/>
                <entry key="22" type="xdouble" value="-0.0409651669466042"/>
                <entry key="23" type="xdouble" value="-0.035214595419541"/>
                <entry key="24" type="xdouble" value="-0.07744851111824981"/>
                <entry key="25" type="xdouble" value="0.08899241982902409"/>
                <entry key="26" type="xdouble" value="0.07914505517318922"/>
                <entry key="27" type="xdouble" value="-0.05580053484351122"/>
                <entry key="28" type="xdouble" value="0.0011078099695323888"/>
            </config>
            <config key="row_13">
                <entry key="array-size" type="xint" value="29"/>
                <entry key="0" type="xdouble" value="-0.030304936582970465"/>
                <entry key="1" type="xdouble" value="-0.029845858476404898"/>
                <entry key="2" type="xdouble" value="-0.02950381290958112"/>
                <entry key="3" type="xdouble" value="0.029894281231391668"/>
                <entry key="4" type="xdouble" value="-0.026716168344372602"/>
                <entry key="5" type="xdouble" value="-0.045374248538207526"/>
                <entry key="6" type="xdouble" value="-0.032347656647912254"/>
                <entry key="7" type="xdouble" value="-0.031136054175891124"/>
                <entry key="8" type="xdouble" value="-0.5175926736781787"/>
                <entry key="9" type="xdouble" value="-0.6711369344205452"/>
                <entry key="10" type="xdouble" value="-0.2719588377000456"/>
                <entry key="11" type="xdouble" value="0.1820066441188188"/>
                <entry key="12" type="xdouble" value="0.13566203612433445"/>
                <entry key="13" type="xdouble" value="0.13339620155186604"/>
                <entry key="14" type="xdouble" value="-0.03358152935726125"/>
                <entry key="15" type="xdouble" value="-0.13996261778689412"/>
                <entry key="16" type="xdouble" value="0.11881269525842789"/>
                <entry key="17" type="xdouble" value="0.12375064490027803"/>
                <entry key="18" type="xdouble" value="0.1479893531776147"/>
                <entry key="19" type="xdouble" value="-0.07976580120914119"/>
                <entry key="20" type="xdouble" value="0.009753931825960828"/>
                <entry key="21" type="xdouble" value="0.009751291157110913"/>
                <entry key="22" type="xdouble" value="0.03618484989544689"/>
                <entry key="23" type="xdouble" value="0.035144611377181986"/>
                <entry key="24" type="xdouble" value="0.06489065043102608"/>
                <entry key="25" type="xdouble" value="-0.04687359950015032"/>
                <entry key="26" type="xdouble" value="0.09427504510242586"/>
                <entry key="27" type="xdouble" value="0.1825043927766128"/>
                <entry key="28" type="xdouble" value="-0.016580784231945436"/>
            </config>
            <config key="row_14">
                <entry key="array-size" type="xint" value="29"/>
                <entry key="0" type="xdouble" value="-0.15080648837359467"/>
                <entry key="1" type="xdouble" value="-0.14568736736728552"/>
                <entry key="2" type="xdouble" value="-0.12797044704867475"/>
                <entry key="3" type="xdouble" value="0.07040974685764252"/>
                <entry key="4" type="xdouble" value="0.07626890001187323"/>
                <entry key="5" type="xdouble" value="-0.16687852277347462"/>
                <entry key="6" type="xdouble" value="0.024271459174985972"/>
                <entry key="7" type="xdouble" value="0.021627133606719386"/>
                <entry key="8" type="xdouble" value="0.04807096282432514"/>
                <entry key="9" type="xdouble" value="0.18293145834694038"/>
                <entry key="10" type="xdouble" value="0.18661008569420093"/>
                <entry key="11" type="xdouble" value="0.06485887014728818"/>
                <entry key="12" type="xdouble" value="-0.010744924733546088"/>
                <entry key="13" type="xdouble" value="-0.12456728832035997"/>
                <entry key="14" type="xdouble" value="-0.05116949282810762"/>
                <entry key="15" type="xdouble" value="0.03658789332741187"/>
                <entry key="16" type="xdouble" value="-0.08340999511576659"/>
                <entry key="17" type="xdouble" value="-0.018560313371109464"/>
                <entry key="18" type="xdouble" value="0.07424754044755813"/>
                <entry key="19" type="xdouble" value="0.043074596245242576"/>
                <entry key="20" type="xdouble" value="0.028218540731602616"/>
                <entry key="21" type="xdouble" value="0.028224350626434382"/>
                <entry key="22" type="xdouble" value="0.032123853817094865"/>
                <entry key="23" type="xdouble" value="0.04335027142039065"/>
                <entry key="24" type="xdouble" value="0.1617656468976295"/>
                <entry key="25" type="xdouble" value="-0.340764244829985"/>
                <entry key="26" type="xdouble" value="0.31418148211430125"/>
                <entry key="27" type="xdouble" value="0.7383896293374155"/>
                <entry key="28" type="xdouble" value="0.013807763664631363"/>
            </config>
            <config key="row_15">
                <entry key="array-size" type="xint" value="29"/>
                <entry key="0" type="xdouble" value="0.002694773005310615"/>
                <entry key="1" type="xdouble" value="-0.00920978771033697"/>
                <entry key="2" type="xdouble" value="-0.01341632033403364"/>
                <entry key="3" type="xdouble" value="0.3795751663816338"/>
                <entry key="4" type="xdouble" value="-0.12426262483790425"/>
                <entry key="5" type="xdouble" value="-0.12693006958328631"/>
                <entry key="6" type="xdouble" value="-0.12024360412670963"/>
                <entry key="7" type="xdouble" value="-0.11107266111936949"/>
                <entry key="8" type="xdouble" value="0.0521492572244827"/>
                <entry key="9" type="xdouble" value="0.29404827120177884"/>
                <entry key="10" type="xdouble" value="-0.13444364703551992"/>
                <entry key="11" type="xdouble" value="-0.05055208433949729"/>
                <entry key="12" type="xdouble" value="0.14562844358785756"/>
                <entry key="13" type="xdouble" value="0.2760104906195246"/>
                <entry key="14" type="xdouble" value="0.27224288881052144"/>
                <entry key="15" type="xdouble" value="-0.17398526121484814"/>
                <entry key="16" type="xdouble" value="0.20501690620107216"/>
                <entry key="17" type="xdouble" value="0.6054043840431211"/>
                <entry key="18" type="xdouble" value="-0.2025373703765791"/>
                <entry key="19" type="xdouble" value="-0.1574896237533053"/>
                <entry key="20" type="xdouble" value="-0.005086551888000363"/>
                <entry key="21" type="xdouble" value="-0.005095465600882866"/>
                <entry key="22" type="xdouble" value="0.017707594997828036"/>
                <entry key="23" type="xdouble" value="0.014955155019028521"/>
                <entry key="24" type="xdouble" value="0.007171623485899293"/>
                <entry key="25" type="xdouble" value="0.05943177120199899"/>
                <entry key="26" type="xdouble" value="0.026904456005355543"/>
                <entry key="27" type="xdouble" value="0.07166710117924736"/>
                <entry key="28" type="xdouble" value="-0.036167180778585266"/>
            </config>
            <config key="row_16">
                <entry key="array-size" type="xint" value="29"/>
                <entry key="0" type="xdouble" value="-0.025328644586921016"/>
                <entry key="1" type="xdouble" value="-0.017961670872721915"/>
                <entry key="2" type="xdouble" value="-0.04785968099207562"/>
                <entry key="3" type="xdouble" value="-0.2392457926943233"/>
                <entry key="4" type="xdouble" value="0.11819005002593305"/>
                <entry key="5" type="xdouble" value="0.06083087993690846"/>
                <entry key="6" type="xdouble" value="0.15279792232546285"/>
                <entry key="7" type="xdouble" value="0.14177288413461167"/>
                <entry key="8" type="xdouble" value="0.08051604977278501"/>
                <entry key="9" type="xdouble" value="-0.022302275316535457"/>
                <entry key="10" type="xdouble" value="-0.5302480626217407"/>
                <entry key="11" type="xdouble" value="-0.11621172218137472"/>
                <entry key="12" type="xdouble" value="-0.5149867863631384"/>
                <entry key="13" type="xdouble" value="-0.08573111341304153"/>
                <entry key="14" type="xdouble" value="-0.19553770451988786"/>
                <entry key="15" type="xdouble" value="0.22071699577324358"/>
                <entry key="16" type="xdouble" value="-0.060434428418183354"/>
                <entry key="17" type="xdouble" value="0.3985680732628152"/>
                <entry key="18" type="xdouble" value="-0.1967702868020896"/>
                <entry key="19" type="xdouble" value="0.04971562242730462"/>
                <entry key="20" type="xdouble" value="0.009795652361040345"/>
                <entry key="21" type="xdouble" value="0.009797770013225461"/>
                <entry key="22" type="xdouble" value="0.01491093603453587"/>
                <entry key="23" type="xdouble" value="-0.00978177876822667"/>
                <entry key="24" type="xdouble" value="0.046063129170064755"/>
                <entry key="25" type="xdouble" value="-0.07667826105620498"/>
                <entry key="26" type="xdouble" value="-1.0114934055553846E-4"/>
                <entry key="27" type="xdouble" value="0.07021700628171494"/>
                <entry key="28" type="xdouble" value="-0.009450285661892778"/>
            </config>
            <config key="row_17">
                <entry key="array-size" type="xint" value="29"/>
                <entry key="0" type="xdouble" value="-0.2204794326496503"/>
                <entry key="1" type="xdouble" value="-0.2223291482345932"/>
                <entry key="2" type="xdouble" value="-0.19825985166090102"/>
                <entry key="3" type="xdouble" value="0.048406281638385285"/>
                <entry key="4" type="xdouble" value="-0.16846600745836246"/>
                <entry key="5" type="xdouble" value="-0.2661268158518052"/>
                <entry key="6" type="xdouble" value="-0.08442630676080257"/>
                <entry key="7" type="xdouble" value="-0.07785914179116486"/>
                <entry key="8" type="xdouble" value="0.030383975961316156"/>
                <entry key="9" type="xdouble" value="0.10899913968791762"/>
                <entry key="10" type="xdouble" value="-0.1447713354319654"/>
                <entry key="11" type="xdouble" value="0.08686164565570184"/>
                <entry key="12" type="xdouble" value="-0.2549691623659134"/>
                <entry key="13" type="xdouble" value="0.043770215634224396"/>
                <entry key="14" type="xdouble" value="0.13089880434686668"/>
                <entry key="15" type="xdouble" value="0.07391022819218507"/>
                <entry key="16" type="xdouble" value="0.037237618783089406"/>
                <entry key="17" type="xdouble" value="-0.07308947034537881"/>
                <entry key="18" type="xdouble" value="0.44274301568570684"/>
                <entry key="19" type="xdouble" value="0.25508138238574235"/>
                <entry key="20" type="xdouble" value="0.006658700437186547"/>
                <entry key="21" type="xdouble" value="0.006655545184539648"/>
                <entry key="22" type="xdouble" value="0.25470479148555525"/>
                <entry key="23" type="xdouble" value="0.2510804060408819"/>
                <entry key="24" type="xdouble" value="0.2282432137517949"/>
                <entry key="25" type="xdouble" value="0.3928853939365913"/>
                <entry key="26" type="xdouble" value="0.014745095750110194"/>
                <entry key="27" type="xdouble" value="-0.11548868546644322"/>
                <entry key="28" type="xdouble" value="0.03541485544843978"/>
            </config>
            <config key="row_18">
                <entry key="array-size" type="xint" value="29"/>
                <entry key="0" type="xdouble" value="-0.23591679728513662"/>
                <entry key="1" type="xdouble" value="-0.22776841621655203"/>
                <entry key="2" type="xdouble" value="-0.2326748402647725"/>
                <entry key="3" type="xdouble" value="-0.28115184574942736"/>
                <entry key="4" type="xdouble" value="0.05687806233568767"/>
                <entry key="5" type="xdouble" value="-0.15971401055998471"/>
                <entry key="6" type="xdouble" value="0.13732790804423772"/>
                <entry key="7" type="xdouble" value="0.12310854537675404"/>
                <entry key="8" type="xdouble" value="0.04549871294993482"/>
                <entry key="9" type="xdouble" value="-0.13094445055682002"/>
                <entry key="10" type="xdouble" value="0.19077675161792934"/>
                <entry key="11" type="xdouble" value="-0.12553775989182855"/>
                <entry key="12" type="xdouble" value="0.31908274519315444"/>
                <entry key="13" type="xdouble" value="-0.04667254426410622"/>
                <entry key="14" type="xdouble" value="-0.13141809369804971"/>
                <entry key="15" type="xdouble" value="0.031921418943219884"/>
                <entry key="16" type="xdouble" value="-0.028974775084943345"/>
                <entry key="17" type="xdouble" value="0.053835567454150184"/>
                <entry key="18" type="xdouble" value="-0.45240058307059594"/>
                <entry key="19" type="xdouble" value="-0.26824112057138194"/>
                <entry key="20" type="xdouble" value="0.009948234327313501"/>
                <entry key="21" type="xdouble" value="0.009950925075347922"/>
                <entry key="22" type="xdouble" value="0.22080790127520397"/>
                <entry key="23" type="xdouble" value="0.19441971398425945"/>
                <entry key="24" type="xdouble" value="0.21466354114395078"/>
                <entry key="25" type="xdouble" value="0.29268211213047546"/>
                <entry key="26" type="xdouble" value="0.01827952838534171"/>
                <entry key="27" type="xdouble" value="-0.06066541542871058"/>
                <entry key="28" type="xdouble" value="6.353787733051455E-4"/>
            </config>
            <config key="row_19">
                <entry key="array-size" type="xint" value="29"/>
                <entry key="0" type="xdouble" value="0.017171108607270377"/>
                <entry key="1" type="xdouble" value="0.021480035492538466"/>
                <entry key="2" type="xdouble" value="0.034003349207953504"/>
                <entry key="3" type="xdouble" value="0.11133534424488892"/>
                <entry key="4" type="xdouble" value="-0.04332446568153106"/>
                <entry key="5" type="xdouble" value="-0.010753053588548799"/>
                <entry key="6" type="xdouble" value="-0.09123666505484623"/>
                <entry key="7" type="xdouble" value="-0.07854365737772113"/>
                <entry key="8" type="xdouble" value="0.04811602846872149"/>
                <entry key="9" type="xdouble" value="-0.051270256575003"/>
                <entry key="10" type="xdouble" value="0.029427141103551605"/>
                <entry key="11" type="xdouble" value="0.05606031797871054"/>
                <entry key="12" type="xdouble" value="-0.08477759157846293"/>
                <entry key="13" type="xdouble" value="0.07715928283186112"/>
                <entry key="14" type="xdouble" value="0.0735988065199728"/>
                <entry key="15" type="xdouble" value="0.6721111159693696"/>
                <entry key="16" type="xdouble" value="0.020411769670946555"/>
                <entry key="17" type="xdouble" value="-0.05607973449817744"/>
                <entry key="18" type="xdouble" value="0.1865695861450334"/>
                <entry key="19" type="xdouble" value="-0.6710552676644456"/>
                <entry key="20" type="xdouble" value="-0.003815128607502287"/>
                <entry key="21" type="xdouble" value="-0.0038084889148841724"/>
                <entry key="22" type="xdouble" value="-0.0161970923851076"/>
                <entry key="23" type="xdouble" value="-0.0033557664566052784"/>
                <entry key="24" type="xdouble" value="-0.02370648030986663"/>
                <entry key="25" type="xdouble" value="0.00359481779561826"/>
                <entry key="26" type="xdouble" value="0.0018524231898583655"/>
                <entry key="27" type="xdouble" value="0.01963109959437685"/>
                <entry key="28" type="xdouble" value="0.0033623066925086553"/>
            </config>
            <config key="row_20">
                <entry key="array-size" type="xint" value="29"/>
                <entry key="0" type="xdouble" value="-0.0058352876966548655"/>
                <entry key="1" type="xdouble" value="0.011988146261388843"/>
                <entry key="2" type="xdouble" value="0.0574542736349743"/>
                <entry key="3" type="xdouble" value="-0.2294251824840037"/>
                <entry key="4" type="xdouble" value="0.1234523711888314"/>
                <entry key="5" type="xdouble" value="0.001734584605976362"/>
                <entry key="6" type="xdouble" value="-0.16613350667876997"/>
                <entry key="7" type="xdouble" value="-0.14006719038029636"/>
                <entry key="8" type="xdouble" value="-0.01135951344708118"/>
                <entry key="9" type="xdouble" value="0.008447975454150028"/>
                <entry key="10" type="xdouble" value="0.001349694888286748"/>
                <entry key="11" type="xdouble" value="0.008673788691013392"/>
                <entry key="12" type="xdouble" value="-0.03127000354030538"/>
                <entry key="13" type="xdouble" value="-0.011561803675867111"/>
                <entry key="14" type="xdouble" value="0.015033027499637577"/>
                <entry key="15" type="xdouble" value="-0.016458390562606454"/>
                <entry key="16" type="xdouble" value="-0.020609397591661492"/>
                <entry key="17" type="xdouble" value="0.01688656824070404"/>
                <entry key="18" type="xdouble" value="-0.012506272330731358"/>
                <entry key="19" type="xdouble" value="0.015456048451678746"/>
                <entry key="20" type="xdouble" value="-0.010490775798898925"/>
                <entry key="21" type="xdouble" value="-0.010491863486981442"/>
                <entry key="22" type="xdouble" value="-0.19559950211169524"/>
                <entry key="23" type="xdouble" value="-0.14624600301554377"/>
                <entry key="24" type="xdouble" value="-0.444726087258339"/>
                <entry key="25" type="xdouble" value="0.6481112486106351"/>
                <entry key="26" type="xdouble" value="-0.01779552850564729"/>
                <entry key="27" type="xdouble" value="0.44767979956330345"/>
                <entry key="28" type="xdouble" value="-0.0010422068331763365"/>
            </config>
            <config key="row_21">
                <entry key="array-size" type="xint" value="29"/>
                <entry key="0" type="xdouble" value="-0.24840101763936542"/>
                <entry key="1" type="xdouble" value="-0.1621841060025284"/>
                <entry key="2" type="xdouble" value="0.4354999939363798"/>
                <entry key="3" type="xdouble" value="-0.01831972949861293"/>
                <entry key="4" type="xdouble" value="0.5853518681418795"/>
                <entry key="5" type="xdouble" value="-0.11524053134867444"/>
                <entry key="6" type="xdouble" value="-0.2859327003026776"/>
                <entry key="7" type="xdouble" value="-0.1984234848591684"/>
                <entry key="8" type="xdouble" value="-0.022818590490956515"/>
                <entry key="9" type="xdouble" value="-0.0050162000068075235"/>
                <entry key="10" type="xdouble" value="0.003671269771234878"/>
                <entry key="11" type="xdouble" value="0.012542107522346847"/>
                <entry key="12" type="xdouble" value="-0.03164459477084891"/>
                <entry key="13" type="xdouble" value="-0.010126174312511841"/>
                <entry key="14" type="xdouble" value="0.04297150037222078"/>
                <entry key="15" type="xdouble" value="-0.014128661104039592"/>
                <entry key="16" type="xdouble" value="-0.02220873164813594"/>
                <entry key="17" type="xdouble" value="0.04165493684779561"/>
                <entry key="18" type="xdouble" value="-0.03241563769147707"/>
                <entry key="19" type="xdouble" value="0.010916522638164018"/>
                <entry key="20" type="xdouble" value="-0.0017439584064981085"/>
                <entry key="21" type="xdouble" value="-0.0017415061595022218"/>
                <entry key="22" type="xdouble" value="-0.08419726468667957"/>
                <entry key="23" type="xdouble" value="0.4217987347273725"/>
                <entry key="24" type="xdouble" value="-0.07162838546263384"/>
                <entry key="25" type="xdouble" value="-0.1473142732470323"/>
                <entry key="26" type="xdouble" value="0.02748081105940575"/>
                <entry key="27" type="xdouble" value="-0.15827136933296657"/>
                <entry key="28" type="xdouble" value="-0.006262539751111667"/>
            </config>
            <config key="row_22">
                <entry key="array-size" type="xint" value="29"/>
                <entry key="0" type="xdouble" value="0.1266420439915838"/>
                <entry key="1" type="xdouble" value="0.09997208974288084"/>
                <entry key="2" type="xdouble" value="-0.49617281560143517"/>
                <entry key="3" type="xdouble" value="0.08699868745958851"/>
                <entry key="4" type="xdouble" value="0.5395535547806289"/>
                <entry key="5" type="xdouble" value="0.17456985006147077"/>
                <entry key="6" type="xdouble" value="-0.38862202621111647"/>
                <entry key="7" type="xdouble" value="-0.15656350728150134"/>
                <entry key="8" type="xdouble" value="-0.0014782600617407188"/>
                <entry key="9" type="xdouble" value="-0.0030342380688074453"/>
                <entry key="10" type="xdouble" value="-8.930703492247776E-5"/>
                <entry key="11" type="xdouble" value="0.0019317216779199582"/>
                <entry key="12" type="xdouble" value="-0.00921410694310978"/>
                <entry key="13" type="xdouble" value="-0.005514467089907798"/>
                <entry key="14" type="xdouble" value="0.003830664132738647"/>
                <entry key="15" type="xdouble" value="-0.010049555935180778"/>
                <entry key="16" type="xdouble" value="-0.013868047761924155"/>
                <entry key="17" type="xdouble" value="-0.007662684303474759"/>
                <entry key="18" type="xdouble" value="0.0024637619075773974"/>
                <entry key="19" type="xdouble" value="0.008033251993161716"/>
                <entry key="20" type="xdouble" value="-0.0016770977889033307"/>
                <entry key="21" type="xdouble" value="-0.0016708512144730232"/>
                <entry key="22" type="xdouble" value="0.18445640556298157"/>
                <entry key="23" type="xdouble" value="-0.35098538337511526"/>
                <entry key="24" type="xdouble" value="0.2416931056824123"/>
                <entry key="25" type="xdouble" value="0.03134641938733663"/>
                <entry key="26" type="xdouble" value="0.0028645574305248057"/>
                <entry key="27" type="xdouble" value="-0.07661079680383863"/>
                <entry key="28" type="xdouble" value="-0.003927085313600682"/>
            </config>
            <config key="row_23">
                <entry key="array-size" type="xint" value="29"/>
                <entry key="0" type="xdouble" value="0.5149905945409428"/>
                <entry key="1" type="xdouble" value="-0.08021509965525193"/>
                <entry key="2" type="xdouble" value="0.02300827014198868"/>
                <entry key="3" type="xdouble" value="-0.13526555132493748"/>
                <entry key="4" type="xdouble" value="-0.024446561616393192"/>
                <entry key="5" type="xdouble" value="-0.4373930226231414"/>
                <entry key="6" type="xdouble" value="-0.460496083004394"/>
                <entry key="7" type="xdouble" value="0.5447093184872565"/>
                <entry key="8" type="xdouble" value="0.0025563802333679457"/>
                <entry key="9" type="xdouble" value="-0.001567116684281008"/>
                <entry key="10" type="xdouble" value="-0.0015487187923731213"/>
                <entry key="11" type="xdouble" value="-0.005422223506147965"/>
                <entry key="12" type="xdouble" value="0.0019124736899993598"/>
                <entry key="13" type="xdouble" value="6.082565381113827E-4"/>
                <entry key="14" type="xdouble" value="-0.006217031467909031"/>
                <entry key="15" type="xdouble" value="0.0034908725209420034"/>
                <entry key="16" type="xdouble" value="6.971583981327504E-4"/>
                <entry key="17" type="xdouble" value="-0.002070129246024621"/>
                <entry key="18" type="xdouble" value="-0.0047156039287457475"/>
                <entry key="19" type="xdouble" value="-0.0012915184024239793"/>
                <entry key="20" type="xdouble" value="5.106389063790199E-4"/>
                <entry key="21" type="xdouble" value="4.584497264437851E-4"/>
                <entry key="22" type="xdouble" value="-0.021964773809449643"/>
                <entry key="23" type="xdouble" value="0.07751061585376914"/>
                <entry key="24" type="xdouble" value="-0.02499027779240932"/>
                <entry key="25" type="xdouble" value="-0.03956105273999126"/>
                <entry key="26" type="xdouble" value="8.206428516416836E-4"/>
                <entry key="27" type="xdouble" value="-0.006497684675134335"/>
                <entry key="28" type="xdouble" value="0.001125665186037575"/>
            </config>
            <config key="row_24">
                <entry key="array-size" type="xint" value="29"/>
                <entry key="0" type="xdouble" value="-0.5369036755856762"/>
                <entry key="1" type="xdouble" value="0.04847559638272551"/>
                <entry key="2" type="xdouble" value="0.03789644809296566"/>
                <entry key="3" type="xdouble" value="0.1208245712600702"/>
                <entry key="4" type="xdouble" value="-0.15870874248748146"/>
                <entry key="5" type="xdouble" value="0.44444025779693735"/>
                <entry key="6" type="xdouble" value="-0.428776219132625"/>
                <entry key="7" type="xdouble" value="0.5331293321681911"/>
                <entry key="8" type="xdouble" value="0.0022026329291559457"/>
                <entry key="9" type="xdouble" value="-0.0025674489713704116"/>
                <entry key="10" type="xdouble" value="0.0013694590724698998"/>
                <entry key="11" type="xdouble" value="-0.0012412111214634858"/>
                <entry key="12" type="xdouble" value="0.002525169210138002"/>
                <entry key="13" type="xdouble" value="-0.0016278900907672692"/>
                <entry key="14" type="xdouble" value="-0.009087688215024035"/>
                <entry key="15" type="xdouble" value="-0.00390724409487525"/>
                <entry key="16" type="xdouble" value="0.0010122650254394626"/>
                <entry key="17" type="xdouble" value="-6.455574274273449E-4"/>
                <entry key="18" type="xdouble" value="-0.0064383986051304255"/>
                <entry key="19" type="xdouble" value="0.0040928575528271175"/>
                <entry key="20" type="xdouble" value="-1.1483154933197422E-4"/>
                <entry key="21" type="xdouble" value="-1.0143943073574358E-4"/>
                <entry key="22" type="xdouble" value="-0.011311449784157306"/>
                <entry key="23" type="xdouble" value="-0.014401554110100453"/>
                <entry key="24" type="xdouble" value="-0.021377891305875713"/>
                <entry key="25" type="xdouble" value="0.026078947761591965"/>
                <entry key="26" type="xdouble" value="-0.0033896917051905494"/>
                <entry key="27" type="xdouble" value="0.029877460643556012"/>
                <entry key="28" type="xdouble" value="-5.13139204473353E-4"/>
            </config>
            <config key="row_25">
                <entry key="array-size" type="xint" value="29"/>
                <entry key="0" type="xdouble" value="0.3164280010910269"/>
                <entry key="1" type="xdouble" value="-0.5011779926472572"/>
                <entry key="2" type="xdouble" value="-0.349811940416426"/>
                <entry key="3" type="xdouble" value="0.1130163125867589"/>
                <entry key="4" type="xdouble" value="-0.02783256942408028"/>
                <entry key="5" type="xdouble" value="0.4701639059815946"/>
                <entry key="6" type="xdouble" value="0.007185795088916387"/>
                <entry key="7" type="xdouble" value="-0.030779992941039544"/>
                <entry key="8" type="xdouble" value="-4.954060806593811E-4"/>
                <entry key="9" type="xdouble" value="5.324589640178408E-4"/>
                <entry key="10" type="xdouble" value="-0.003059542519333164"/>
                <entry key="11" type="xdouble" value="2.1012742042400282E-4"/>
                <entry key="12" type="xdouble" value="3.334843693818646E-4"/>
                <entry key="13" type="xdouble" value="-4.771002809090977E-4"/>
                <entry key="14" type="xdouble" value="-5.203412559583305E-4"/>
                <entry key="15" type="xdouble" value="-8.03518118645121E-4"/>
                <entry key="16" type="xdouble" value="-5.461163379705247E-4"/>
                <entry key="17" type="xdouble" value="-0.0026439420060223465"/>
                <entry key="18" type="xdouble" value="-8.860136712919122E-4"/>
                <entry key="19" type="xdouble" value="-0.0010765968934453665"/>
                <entry key="20" type="xdouble" value="9.755975745393175E-4"/>
                <entry key="21" type="xdouble" value="0.001075858223166204"/>
                <entry key="22" type="xdouble" value="-0.0685051034727154"/>
                <entry key="23" type="xdouble" value="0.442566606645854"/>
                <entry key="24" type="xdouble" value="-0.29438526058389325"/>
                <entry key="25" type="xdouble" value="-0.05504767767015819"/>
                <entry key="26" type="xdouble" value="-0.0010637108868986197"/>
                <entry key="27" type="xdouble" value="0.02121512748229117"/>
                <entry key="28" type="xdouble" value="-4.919101066665324E-4"/>
            </config>
            <config key="row_26">
                <entry key="array-size" type="xint" value="29"/>
                <entry key="0" type="xdouble" value="-0.11632249972785923"/>
                <entry key="1" type="xdouble" value="0.4741954511070139"/>
                <entry key="2" type="xdouble" value="-0.2651605372753138"/>
                <entry key="3" type="xdouble" value="-0.035416423388724486"/>
                <entry key="4" type="xdouble" value="0.014530586648080481"/>
                <entry key="5" type="xdouble" value="-0.15375036775999568"/>
                <entry key="6" type="xdouble" value="-0.0026981473759523453"/>
                <entry key="7" type="xdouble" value="6.884869412930152E-4"/>
                <entry key="8" type="xdouble" value="-3.9477997053566333E-4"/>
                <entry key="9" type="xdouble" value="5.529109034499743E-4"/>
                <entry key="10" type="xdouble" value="4.3938851950603663E-4"/>
                <entry key="11" type="xdouble" value="-0.0011574259894864794"/>
                <entry key="12" type="xdouble" value="-1.4685021048936492E-4"/>
                <entry key="13" type="xdouble" value="-2.532401762712136E-5"/>
                <entry key="14" type="xdouble" value="-0.001805850078765473"/>
                <entry key="15" type="xdouble" value="3.6424822883381216E-4"/>
                <entry key="16" type="xdouble" value="8.901826546856714E-4"/>
                <entry key="17" type="xdouble" value="-2.1043624878691502E-4"/>
                <entry key="18" type="xdouble" value="9.713255317713608E-4"/>
                <entry key="19" type="xdouble" value="8.361866826560333E-4"/>
                <entry key="20" type="xdouble" value="0.0013600263823729615"/>
                <entry key="21" type="xdouble" value="0.0012857784640700636"/>
                <entry key="22" type="xdouble" value="0.4923963972078013"/>
                <entry key="23" type="xdouble" value="0.2595627450179235"/>
                <entry key="24" type="xdouble" value="-0.5685824229235796"/>
                <entry key="25" type="xdouble" value="-0.18175770131951244"/>
                <entry key="26" type="xdouble" value="-0.0026493050084269937"/>
                <entry key="27" type="xdouble" value="-0.004231691934401369"/>
                <entry key="28" type="xdouble" value="2.5747867955784983E-4"/>
            </config>
            <config key="row_27">
                <entry key="array-size" type="xint" value="29"/>
                <entry key="0" type="xdouble" value="-0.04849817264187831"/>
                <entry key="1" type="xdouble" value="0.4774220107480404"/>
                <entry key="2" type="xdouble" value="-0.35898911236154685"/>
                <entry key="3" type="xdouble" value="-0.01525698426416151"/>
                <entry key="4" type="xdouble" value="0.010572557767968817"/>
                <entry key="5" type="xdouble" value="-0.06932673542327118"/>
                <entry key="6" type="xdouble" value="-0.0017387011552675846"/>
                <entry key="7" type="xdouble" value="-5.751910923243841E-4"/>
                <entry key="8" type="xdouble" value="-3.4541860976278855E-4"/>
                <entry key="9" type="xdouble" value="3.386486775218034E-4"/>
                <entry key="10" type="xdouble" value="7.689373539127467E-4"/>
                <entry key="11" type="xdouble" value="-6.607583131943152E-4"/>
                <entry key="12" type="xdouble" value="4.378022960996014E-4"/>
                <entry key="13" type="xdouble" value="5.579459805365107E-4"/>
                <entry key="14" type="xdouble" value="-0.0014661332561906265"/>
                <entry key="15" type="xdouble" value="1.372472205502368E-4"/>
                <entry key="16" type="xdouble" value="-2.939248584378889E-4"/>
                <entry key="17" type="xdouble" value="-0.0014469181327281927"/>
                <entry key="18" type="xdouble" value="1.333259811477663E-4"/>
                <entry key="19" type="xdouble" value="5.968548171636081E-4"/>
                <entry key="20" type="xdouble" value="-2.992725615112161E-4"/>
                <entry key="21" type="xdouble" value="-3.771289399503138E-4"/>
                <entry key="22" type="xdouble" value="-0.6487057639872215"/>
                <entry key="23" type="xdouble" value="0.4123472556223127"/>
                <entry key="24" type="xdouble" value="0.2036621063530309"/>
                <entry key="25" type="xdouble" value="0.05736218251916115"/>
                <entry key="26" type="xdouble" value="8.477091110393032E-4"/>
                <entry key="27" type="xdouble" value="-0.007951644461874534"/>
                <entry key="28" type="xdouble" value="3.1007690942133094E-4"/>
            </config>
            <config key="row_28">
                <entry key="array-size" type="xint" value="29"/>
                <entry key="0" type="xdouble" value="-6.725251864763543E-6"/>
                <entry key="1" type="xdouble" value="8.349703764314507E-5"/>
                <entry key="2" type="xdouble" value="-6.4930806923845195E-6"/>
                <entry key="3" type="xdouble" value="-1.3617823822586312E-5"/>
                <entry key="4" type="xdouble" value="-1.2983982181725995E-6"/>
                <entry key="5" type="xdouble" value="-6.699878918353116E-5"/>
                <entry key="6" type="xdouble" value="-1.3148047006783508E-5"/>
                <entry key="7" type="xdouble" value="1.6663859537234146E-5"/>
                <entry key="8" type="xdouble" value="-5.603411767035451E-6"/>
                <entry key="9" type="xdouble" value="2.6455865210799127E-6"/>
                <entry key="10" type="xdouble" value="-9.432396549553437E-7"/>
                <entry key="11" type="xdouble" value="-1.013698495737975E-6"/>
                <entry key="12" type="xdouble" value="8.926525709697759E-8"/>
                <entry key="13" type="xdouble" value="7.734882796861206E-6"/>
                <entry key="14" type="xdouble" value="-3.899417741493445E-7"/>
                <entry key="15" type="xdouble" value="-2.728124378076752E-6"/>
                <entry key="16" type="xdouble" value="-4.4295500574589677E-7"/>
                <entry key="17" type="xdouble" value="2.100088966993924E-6"/>
                <entry key="18" type="xdouble" value="-2.37291458326415E-6"/>
                <entry key="19" type="xdouble" value="4.3911354830864976E-6"/>
                <entry key="20" type="xdouble" value="-0.7071068726785547"/>
                <entry key="21" type="xdouble" value="0.7071066808755082"/>
                <entry key="22" type="xdouble" value="-5.864043467800686E-6"/>
                <entry key="23" type="xdouble" value="9.326429743903518E-6"/>
                <entry key="24" type="xdouble" value="4.0642277140975595E-7"/>
                <entry key="25" type="xdouble" value="-1.4376744610517448E-6"/>
                <entry key="26" type="xdouble" value="-3.750179764491475E-6"/>
                <entry key="27" type="xdouble" value="-3.3520677648977364E-6"/>
                <entry key="28" type="xdouble" value="-3.757979179234693E-7"/>
            </config>
        </config>
    </config>
</config>
