<?xml version="1.0" encoding="UTF-8"?>
<config xmlns="http://www.knime.org/2008/09/XMLConfig" xmlns:xsi="http://www.w3.org/2001/XMLSchema-instance" xsi:schemaLocation="http://www.knime.org/2008/09/XMLConfig http://www.knime.org/XMLConfig_2008_09.xsd" key="model.xml">
    <entry key="version" type="xint" value="1"/>
    <entry key="class_name" type="xstring" value="org.knime.base.node.mine.transformation.port.TransformationPortObjectSpec"/>
    <config key="model">
        <entry key="transformation_type" type="xbyte" value="0"/>
        <config key="input_column_names">
            <entry key="array-size" type="xint" value="29"/>
            <entry key="0" type="xstring" value="loan_amnt"/>
            <entry key="1" type="xstring" value="funded_amnt"/>
            <entry key="2" type="xstring" value="funded_amnt_inv"/>
            <entry key="3" type="xstring" value="term"/>
            <entry key="4" type="xstring" value="int_rate"/>
            <entry key="5" type="xstring" value="installment"/>
            <entry key="6" type="xstring" value="grade"/>
            <entry key="7" type="xstring" value="sub_grade"/>
            <entry key="8" type="xstring" value="emp_length"/>
            <entry key="9" type="xstring" value="home_ownership"/>
            <entry key="10" type="xstring" value="annual_inc"/>
            <entry key="11" type="xstring" value="purpose"/>
            <entry key="12" type="xstring" value="dti"/>
            <entry key="13" type="xstring" value="delinq_2yrs"/>
            <entry key="14" type="xstring" value="inq_last_6mths"/>
            <entry key="15" type="xstring" value="open_acc"/>
            <entry key="16" type="xstring" value="pub_rec"/>
            <entry key="17" type="xstring" value="revol_bal"/>
            <entry key="18" type="xstring" value="revol_util"/>
            <entry key="19" type="xstring" value="total_acc"/>
            <entry key="20" type="xstring" value="out_prncp"/>
            <entry key="21" type="xstring" value="out_prncp_inv"/>
            <entry key="22" type="xstring" value="total_pymnt"/>
            <entry key="23" type="xstring" value="total_pymnt_inv"/>
            <entry key="24" type="xstring" value="total_rec_prncp"/>
            <entry key="25" type="xstring" value="total_rec_int"/>
            <entry key="26" type="xstring" value="total_rec_late_fee"/>
            <entry key="27" type="xstring" value="last_pymnt_amnt"/>
            <entry key="28" type="xstring" value="acc_now_delinq"/>
        </config>
        <entry key="max_dim_to_reduce_to" type="xint" value="29"/>
    </config>
</config>
