<?xml version="1.0" encoding="UTF-8"?>
<config xmlns="http://www.knime.org/2008/09/XMLConfig" xmlns:xsi="http://www.w3.org/2001/XMLSchema-instance" xsi:schemaLocation="http://www.knime.org/2008/09/XMLConfig http://www.knime.org/XMLConfig_2008_09.xsd" key="model.xml">
    <entry key="version" type="xint" value="1"/>
    <entry key="class_name" type="xstring" value="org.knime.base.data.normalize.NormalizerPortObject"/>
    <config key="model">
        <config key="columns">
            <config key="loan_amnt">
                <entry key="column_name" type="xstring" value="loan_amnt"/>
                <entry key="column_scale" type="xdouble" value="1.2938552232107944E-4"/>
                <entry key="column_translate" type="xdouble" value="-1.5527284399249845"/>
                <entry key="column_min" type="xdouble" value="NaN"/>
                <entry key="column_max" type="xdouble" value="NaN"/>
            </config>
            <config key="funded_amnt">
                <entry key="column_name" type="xstring" value="funded_amnt"/>
                <entry key="column_scale" type="xdouble" value="1.3160486552105897E-4"/>
                <entry key="column_translate" type="xdouble" value="-1.5564425872762973"/>
                <entry key="column_min" type="xdouble" value="NaN"/>
                <entry key="column_max" type="xdouble" value="NaN"/>
            </config>
            <config key="funded_amnt_inv">
                <entry key="column_name" type="xstring" value="funded_amnt_inv"/>
                <entry key="column_scale" type="xdouble" value="1.304687833588233E-4"/>
                <entry key="column_translate" type="xdouble" value="-1.4804060909926884"/>
                <entry key="column_min" type="xdouble" value="NaN"/>
                <entry key="column_max" type="xdouble" value="NaN"/>
            </config>
            <config key="term">
                <entry key="column_name" type="xstring" value="term"/>
                <entry key="column_scale" type="xdouble" value="0.09938661122154495"/>
                <entry key="column_translate" type="xdouble" value="-4.120630192562271"/>
                <entry key="column_min" type="xdouble" value="NaN"/>
                <entry key="column_max" type="xdouble" value="NaN"/>
            </config>
            <config key="int_rate">
                <entry key="column_name" type="xstring" value="int_rate"/>
                <entry key="column_scale" type="xdouble" value="0.23985280263273523"/>
                <entry key="column_translate" type="xdouble" value="-3.086158452554747"/>
                <entry key="column_min" type="xdouble" value="NaN"/>
                <entry key="column_max" type="xdouble" value="NaN"/>
            </config>
            <config key="installment">
                <entry key="column_name" type="xstring" value="installment"/>
                <entry key="column_scale" type="xdouble" value="0.004322264370510689"/>
                <entry key="column_translate" type="xdouble" value="-1.5655353335802422"/>
                <entry key="column_min" type="xdouble" value="NaN"/>
                <entry key="column_max" type="xdouble" value="NaN"/>
            </config>
            <config key="grade">
                <entry key="column_name" type="xstring" value="grade"/>
                <entry key="column_scale" type="xdouble" value="0.716767816210925"/>
                <entry key="column_translate" type="xdouble" value="-1.933146818361686"/>
                <entry key="column_min" type="xdouble" value="NaN"/>
                <entry key="column_max" type="xdouble" value="NaN"/>
            </config>
            <config key="sub_grade">
                <entry key="column_name" type="xstring" value="sub_grade"/>
                <entry key="column_scale" type="xdouble" value="0.14562413574560726"/>
                <entry key="column_translate" type="xdouble" value="-1.6762023128258656"/>
                <entry key="column_min" type="xdouble" value="NaN"/>
                <entry key="column_max" type="xdouble" value="NaN"/>
            </config>
            <config key="emp_length">
                <entry key="column_name" type="xstring" value="emp_length"/>
                <entry key="column_scale" type="xdouble" value="0.2714947711719733"/>
                <entry key="column_translate" type="xdouble" value="-1.388763701970029"/>
                <entry key="column_min" type="xdouble" value="NaN"/>
                <entry key="column_max" type="xdouble" value="NaN"/>
            </config>
            <config key="home_ownership">
                <entry key="column_name" type="xstring" value="home_ownership"/>
                <entry key="column_scale" type="xdouble" value="0.5164815821657838"/>
                <entry key="column_translate" type="xdouble" value="-1.5628498755539793"/>
                <entry key="column_min" type="xdouble" value="NaN"/>
                <entry key="column_max" type="xdouble" value="NaN"/>
            </config>
            <config key="annual_inc">
                <entry key="column_name" type="xstring" value="annual_inc"/>
                <entry key="column_scale" type="xdouble" value="1.690387734477461E-5"/>
                <entry key="column_translate" type="xdouble" value="-1.1939399975736258"/>
                <entry key="column_min" type="xdouble" value="NaN"/>
                <entry key="column_max" type="xdouble" value="NaN"/>
            </config>
            <config key="purpose">
                <entry key="column_name" type="xstring" value="purpose"/>
                <entry key="column_scale" type="xdouble" value="0.3188791679030392"/>
                <entry key="column_translate" type="xdouble" value="-1.4092290192797008"/>
                <entry key="column_min" type="xdouble" value="NaN"/>
                <entry key="column_max" type="xdouble" value="NaN"/>
            </config>
            <config key="dti">
                <entry key="column_name" type="xstring" value="dti"/>
                <entry key="column_scale" type="xdouble" value="0.138922025400155"/>
                <entry key="column_translate" type="xdouble" value="-2.0128016749791127"/>
                <entry key="column_min" type="xdouble" value="NaN"/>
                <entry key="column_max" type="xdouble" value="NaN"/>
            </config>
            <config key="delinq_2yrs">
                <entry key="column_name" type="xstring" value="delinq_2yrs"/>
                <entry key="column_scale" type="xdouble" value="1.6030026576922312"/>
                <entry key="column_translate" type="xdouble" value="-0.31542998732628463"/>
                <entry key="column_min" type="xdouble" value="NaN"/>
                <entry key="column_max" type="xdouble" value="NaN"/>
            </config>
            <config key="inq_last_6mths">
                <entry key="column_name" type="xstring" value="inq_last_6mths"/>
                <entry key="column_scale" type="xdouble" value="0.7066726251142066"/>
                <entry key="column_translate" type="xdouble" value="-0.7258172114818912"/>
                <entry key="column_min" type="xdouble" value="NaN"/>
                <entry key="column_max" type="xdouble" value="NaN"/>
            </config>
            <config key="open_acc">
                <entry key="column_name" type="xstring" value="open_acc"/>
                <entry key="column_scale" type="xdouble" value="0.21510333626504644"/>
                <entry key="column_translate" type="xdouble" value="-2.135762050334032"/>
                <entry key="column_min" type="xdouble" value="NaN"/>
                <entry key="column_max" type="xdouble" value="NaN"/>
            </config>
            <config key="pub_rec">
                <entry key="column_name" type="xstring" value="pub_rec"/>
                <entry key="column_scale" type="xdouble" value="2.986128996951017"/>
                <entry key="column_translate" type="xdouble" value="-0.2701913995068578"/>
                <entry key="column_min" type="xdouble" value="NaN"/>
                <entry key="column_max" type="xdouble" value="NaN"/>
            </config>
            <config key="revol_bal">
                <entry key="column_name" type="xstring" value="revol_bal"/>
                <entry key="column_scale" type="xdouble" value="4.516525514780297E-5"/>
                <entry key="column_translate" type="xdouble" value="-0.6651475252140532"/>
                <entry key="column_min" type="xdouble" value="NaN"/>
                <entry key="column_max" type="xdouble" value="NaN"/>
            </config>
            <config key="revol_util">
                <entry key="column_name" type="xstring" value="revol_util"/>
                <entry key="column_scale" type="xdouble" value="0.037052559530578"/>
                <entry key="column_translate" type="xdouble" value="-1.9001990601300582"/>
                <entry key="column_min" type="xdouble" value="NaN"/>
                <entry key="column_max" type="xdouble" value="NaN"/>
            </config>
            <config key="total_acc">
                <entry key="column_name" type="xstring" value="total_acc"/>
                <entry key="column_scale" type="xdouble" value="0.08525070571385301"/>
                <entry key="column_translate" type="xdouble" value="-1.9944291114036066"/>
                <entry key="column_min" type="xdouble" value="NaN"/>
                <entry key="column_max" type="xdouble" value="NaN"/>
            </config>
            <config key="out_prncp">
                <entry key="column_name" type="xstring" value="out_prncp"/>
                <entry key="column_scale" type="xdouble" value="0.0027254664925755274"/>
                <entry key="column_translate" type="xdouble" value="-0.02726293356338203"/>
                <entry key="column_min" type="xdouble" value="NaN"/>
                <entry key="column_max" type="xdouble" value="NaN"/>
            </config>
            <config key="out_prncp_inv">
                <entry key="column_name" type="xstring" value="out_prncp_inv"/>
                <entry key="column_scale" type="xdouble" value="0.00272640998722169"/>
                <entry key="column_translate" type="xdouble" value="-0.027263819188912537"/>
                <entry key="column_min" type="xdouble" value="NaN"/>
                <entry key="column_max" type="xdouble" value="NaN"/>
            </config>
            <config key="total_pymnt">
                <entry key="column_name" type="xstring" value="total_pymnt"/>
                <entry key="column_scale" type="xdouble" value="1.1151096148265229E-4"/>
                <entry key="column_translate" type="xdouble" value="-1.384181424140927"/>
                <entry key="column_min" type="xdouble" value="NaN"/>
                <entry key="column_max" type="xdouble" value="NaN"/>
            </config>
            <config key="total_pymnt_inv">
                <entry key="column_name" type="xstring" value="total_pymnt_inv"/>
                <entry key="column_scale" type="xdouble" value="1.1139796484897282E-4"/>
                <entry key="column_translate" type="xdouble" value="-1.3278282365405054"/>
                <entry key="column_min" type="xdouble" value="NaN"/>
                <entry key="column_max" type="xdouble" value="NaN"/>
            </config>
            <config key="total_rec_prncp">
                <entry key="column_name" type="xstring" value="total_rec_prncp"/>
                <entry key="column_scale" type="xdouble" value="1.325234806864519E-4"/>
                <entry key="column_translate" type="xdouble" value="-1.3556973569403339"/>
                <entry key="column_min" type="xdouble" value="NaN"/>
                <entry key="column_max" type="xdouble" value="NaN"/>
            </config>
            <config key="total_rec_int">
                <entry key="column_name" type="xstring" value="total_rec_int"/>
                <entry key="column_scale" type="xdouble" value="4.6782311262544355E-4"/>
                <entry key="column_translate" type="xdouble" value="-0.9543110842637306"/>
                <entry key="column_min" type="xdouble" value="NaN"/>
                <entry key="column_max" type="xdouble" value="NaN"/>
            </config>
            <config key="total_rec_late_fee">
                <entry key="column_name" type="xstring" value="total_rec_late_fee"/>
                <entry key="column_scale" type="xdouble" value="0.14008483740745503"/>
                <entry key="column_translate" type="xdouble" value="-0.1691310842598059"/>
                <entry key="column_min" type="xdouble" value="NaN"/>
                <entry key="column_max" type="xdouble" value="NaN"/>
            </config>
            <config key="last_pymnt_amnt">
                <entry key="column_name" type="xstring" value="last_pymnt_amnt"/>
                <entry key="column_scale" type="xdouble" value="1.7026632846528828E-4"/>
                <entry key="column_translate" type="xdouble" value="-0.725316141018261"/>
                <entry key="column_min" type="xdouble" value="NaN"/>
                <entry key="column_max" type="xdouble" value="NaN"/>
            </config>
            <config key="acc_now_delinq">
                <entry key="column_name" type="xstring" value="acc_now_delinq"/>
                <entry key="column_scale" type="xdouble" value="23.22825965402565"/>
                <entry key="column_translate" type="xdouble" value="-0.030668212796323778"/>
                <entry key="column_min" type="xdouble" value="NaN"/>
                <entry key="column_max" type="xdouble" value="NaN"/>
            </config>
        </config>
        <entry key="summary" type="xstring" value="Z-Score (Gaussian) normalization on 29 column(s)"/>
    </config>
</config>
